,ID,LINEA,TIPO_SERVICIO,RAMAL,SENTIDO
0,8438,175,COMUN BASICO,RAMAL A,VUELTA
1,8439,175,COMUN BASICO,RAMAL A,IDA
2,8440,169,COMUN BASICO,RAMAL A,IDA
3,8441,169,COMUN BASICO,RAMAL B,IDA
4,8442,169,COMUN BASICO,RAMAL A,VUELTA
5,8443,169,COMUN BASICO,RAMAL B,VUELTA
6,8444,103,COMUN BASICO,RAMAL D,VUELTA
7,8446,103,COMUN BASICO,RAMAL B,VUELTA
8,8448,103,COMUN BASICO,RAMAL A,VUELTA
9,8449,103,COMUN BASICO,RAMAL C,VUELTA
10,8451,103,COMUN BASICO,RAMAL C,IDA
11,8452,109,COMUN BASICO,RAMAL A,IDA
12,8453,109,COMUN BASICO,RAMAL B,IDA
13,8454,109,EXPRESO,RAMAL C,IDA
14,8455,109,EXPRESO,RAMAL C,VUELTA
15,8456,109,COMUN BASICO,RAMAL A,VUELTA
16,8457,109,COMUN BASICO,RAMAL B,VUELTA
17,8458,160,FRACCIONAMIENTO,RAMAL F,IDA
18,8459,160,FRACCIONAMIENTO,RAMAL I,IDA
19,8460,160,FRACCIONAMIENTO,RAMAL J,IDA
20,8461,160,FRACCIONAMIENTO,RAMAL M,IDA
21,8462,160,COMUN BASICO,RAMAL D,VUELTA
22,8463,160,FRACCIONAMIENTO,RAMAL E,VUELTA
23,8464,160,FRACCIONAMIENTO,RAMAL F,VUELTA
24,8465,160,COMUN BASICO,RAMAL A,IDA
25,8466,160,COMUN BASICO,RAMAL B,IDA
26,8467,160,COMUN BASICO,RAMAL C,IDA
27,8468,160,COMUN BASICO,RAMAL D,IDA
28,8469,160,FRACCIONAMIENTO,RAMAL H,VUELTA
29,8470,160,FRACCIONAMIENTO,RAMAL H,IDA
30,8471,160,FRACCIONAMIENTO,RAMAL K,VUELTA
31,8472,160,FRACCIONAMIENTO,RAMAL L,VUELTA
32,8473,160,FRACCIONAMIENTO,RAMAL K,IDA
33,8474,160,FRACCIONAMIENTO,RAMAL L,IDA
34,8475,53,FRACCIONAMIENTO,RAMAL D,IDA
35,8476,53,COMUN BASICO,RAMAL C,IDA
36,8477,53,COMUN BASICO,RAMAL A,IDA
37,8478,53,COMUN BASICO,RAMAL B,IDA
38,8802,33,COMUN BASICO,RAMAL A,VUELTA
39,8803,33,COMUN BASICO,RAMAL B,VUELTA
40,8804,115,COMUN BASICO,RAMAL A,VUELTA
41,8860,64,COMUN BASICO,RAMAL A,VUELTA
42,8861,64,COMUN BASICO,RAMAL B,VUELTA
43,8862,50,COMUN BASICO,RAMAL B,VUELTA
44,8863,50,COMUN BASICO,RAMAL B,IDA
45,8864,50,COMUN BASICO,RAMAL A,VUELTA
46,8865,50,COMUN BASICO,RAMAL A,IDA
47,8868,132,COMUN BASICO,RAMAL A,VUELTA
48,7324,195,COMUN BASICO,RAMAL E,VUELTA
49,7325,195,COMUN BASICO,RAMAL F,VUELTA
50,7326,195,COMUN BASICO,RAMAL F,IDA
51,7327,195,COMUN BASICO,RAMAL E,IDA
52,8479,107,COMUN BASICO,RAMAL A,VUELTA
53,8480,107,COMUN BASICO,RAMAL B,VUELTA
54,8481,107,COMUN BASICO,RAMAL A,IDA
55,8482,107,COMUN BASICO,RAMAL B,IDA
56,8483,128,COMUN BASICO,RAMAL A,VUELTA
57,8486,47,COMUN BASICO,RAMAL A,VUELTA
58,8487,47,COMUN BASICO,RAMAL A,IDA
59,8488,47,EXPRESO,RAMAL C,VUELTA
60,8489,47,EXPRESO,RAMAL C,IDA
61,8490,47,COMUN BASICO,RAMAL B,VUELTA
62,8491,47,COMUN BASICO,RAMAL B,IDA
63,8492,63,EXPRESO,RAMAL C,VUELTA
64,8493,63,EXPRESO,RAMAL C,IDA
65,8494,63,COMUN BASICO,RAMAL A,VUELTA
66,8495,63,COMUN BASICO,RAMAL B,VUELTA
67,8496,63,COMUN BASICO,RAMAL A,IDA
68,8497,63,COMUN BASICO,RAMAL B,IDA
69,8509,123,COMUN BASICO,RAMAL A,IDA
70,8510,123,COMUN BASICO,RAMAL A,VUELTA
71,8512,127,COMUN BASICO,RAMAL A,VUELTA
72,7339,101,COMUN BASICO,RAMAL B,IDA
73,7345,117,,RAMAL C,IDA
74,7373,12,COMUN BASICO,RAMAL A,IDA
75,7374,12,COMUN BASICO,RAMAL A,VUELTA
76,7375,12,COMUN BASICO,RAMAL B,VUELTA
77,7376,12,COMUN BASICO,RAMAL B,IDA
78,7399,100,COMUN BASICO,RAMAL C,IDA
79,7400,100,EXPRESO,RAMAL D,IDA
80,7401,100,COMUN BASICO,RAMAL A,IDA
81,7402,100,COMUN BASICO,RAMAL B,IDA
82,7403,100,EXPRESO,RAMAL D,VUELTA
83,7404,100,COMUN BASICO,RAMAL A,VUELTA
84,7405,100,COMUN BASICO,RAMAL B,VUELTA
85,7406,100,COMUN BASICO,RAMAL C,VUELTA
86,7407,129,COMUN BASICO,RAMAL M,IDA
87,7408,129,COMUN BASICO,RAMAL O,IDA
88,7409,129,COMUN BASICO,RAMAL O,VUELTA
89,7410,129,COMUN BASICO,RAMAL M,VUELTA
90,7422,34,COMUN BASICO,RAMAL B,VUELTA
91,7423,34,EXPRESO,RAMAL E,VUELTA
92,7424,34,COMUN BASICO,RAMAL B,IDA
93,7425,34,EXPRESO,RAMAL E,IDA
94,7426,34,COMUN BASICO,RAMAL A,VUELTA
95,7427,34,EXPRESO,RAMAL D,VUELTA
96,7428,34,COMUN BASICO,RAMAL A,IDA
97,7429,34,EXPRESO,RAMAL D,IDA
98,8869,132,COMUN BASICO,RAMAL B,IDA
99,7439,42,COMUN BASICO,RAMAL B,IDA
100,7440,42,EXPRESO,RAMAL C,IDA
101,7441,42,EXPRESO,RAMAL D,IDA
102,7442,42,EXPRESO,RAMAL D,VUELTA
103,7443,42,EXPRESO,RAMAL C,VUELTA
104,7444,42,COMUN BASICO,RAMAL B,VUELTA
105,7445,42,COMUN BASICO,RAMAL A,VUELTA
106,7446,42,COMUN BASICO,RAMAL A,IDA
107,7463,106,COMUN BASICO,RAMAL A,IDA
108,8531,182,COMUN BASICO,RAMAL C,VUELTA
109,8532,182,COMUN BASICO,RAMAL D,VUELTA
110,8533,182,COMUN BASICO,RAMAL C,IDA
111,8534,182,COMUN BASICO,RAMAL D,IDA
112,8535,182,COMUN BASICO,RAMAL A,VUELTA
113,8536,182,COMUN BASICO,RAMAL B,VUELTA
114,8537,182,COMUN BASICO,RAMAL A,IDA
115,8538,182,COMUN BASICO,RAMAL B,IDA
116,8805,115,COMUN BASICO,RAMAL B,IDA
117,8870,132,COMUN BASICO,RAMAL A,IDA
118,8871,132,COMUN BASICO,RAMAL B,VUELTA
119,8878,143,COMUN BASICO,RAMAL F,VUELTA
120,8879,143,COMUN BASICO,RAMAL A,VUELTA
121,8880,143,COMUN BASICO,RAMAL B,VUELTA
122,8881,143,COMUN BASICO,RAMAL C,VUELTA
123,8882,143,COMUN BASICO,RAMAL D,VUELTA
124,8883,143,COMUN BASICO,RAMAL G,VUELTA
125,7582,176,COMUN BASICO,RAMAL D,IDA
126,7598,166,COMUN BASICO,RAMAL METROBUS,IDA
127,7599,166,COMUN BASICO,RAMAL METROBUS,VUELTA
128,7617,113,COMUN BASICO,RAMAL A,VUELTA
129,7618,113,COMUN BASICO,RAMAL B,VUELTA
130,8539,51,COMUN BASICO,RAMAL F,VUELTA
131,8540,51,COMUN BASICO,RAMAL E,IDA
132,8541,51,COMUN BASICO,RAMAL F,IDA
133,8542,114,COMUN BASICO,RAMAL A,VUELTA
134,8543,114,COMUN BASICO,RAMAL B,VUELTA
135,8544,114,COMUN BASICO,RAMAL A,IDA
136,8545,114,COMUN BASICO,RAMAL B,IDA
137,8546,51,COMUN BASICO,RAMAL B,VUELTA
138,8547,51,COMUN BASICO,RAMAL B,IDA
139,8548,51,COMUN BASICO,RAMAL H,VUELTA
140,8549,51,COMUN BASICO,RAMAL H,IDA
141,8550,51,COMUN BASICO,RAMAL C,VUELTA
142,8551,51,COMUN BASICO,RAMAL D,VUELTA
143,8552,51,COMUN BASICO,RAMAL C,IDA
144,8553,51,COMUN BASICO,RAMAL D,IDA
145,8554,51,COMUN BASICO,RAMAL A,VUELTA
146,8555,51,COMUN BASICO,RAMAL G,VUELTA
147,8556,51,COMUN BASICO,RAMAL A,IDA
148,8557,51,COMUN BASICO,RAMAL G,IDA
149,8558,51,COMUN BASICO,RAMAL E,VUELTA
150,8559,168,COMUN BASICO,RAMAL B,VUELTA
151,8560,168,COMUN BASICO,RAMAL A,VUELTA
152,8561,168,COMUN BASICO,RAMAL B,IDA
153,8562,168,COMUN BASICO,RAMAL C,IDA
154,8563,168,COMUN BASICO,RAMAL A,IDA
155,8564,168,COMUN BASICO,RAMAL C,VUELTA
156,8565,193,COMUN BASICO,RAMAL A,VUELTA
157,8566,193,COMUN BASICO,RAMAL B,VUELTA
158,8567,188,COMUN BASICO,RAMAL C,IDA
159,8568,188,EXPRESO,RAMAL H,VUELTA
160,8569,188,COMUN BASICO,RAMAL C,VUELTA
161,8570,188,EXPRESO,RAMAL H,IDA
162,8571,188,COMUN BASICO,RAMAL B,IDA
163,8572,188,COMUN BASICO,RAMAL A,IDA
164,8573,188,COMUN BASICO,RAMAL D,IDA
165,8574,188,COMUN BASICO,RAMAL B,VUELTA
166,8575,188,COMUN BASICO,RAMAL D,VUELTA
167,8576,188,COMUN BASICO,RAMAL ABCDEF,VUELTA
168,8577,188,COMUN BASICO,RAMAL F,IDA
169,8578,188,COMUN BASICO,RAMAL F,VUELTA
170,8579,188,COMUN BASICO,RAMAL E,IDA
171,8580,188,COMUN BASICO,RAMAL E,VUELTA
172,8581,188,EXPRESO,RAMAL G,IDA
173,8582,188,EXPRESO,RAMAL G,VUELTA
174,8583,193,COMUN BASICO,RAMAL C,VUELTA
175,8584,193,COMUN BASICO,RAMAL A,IDA
176,8585,193,COMUN BASICO,RAMAL B,IDA
177,8586,193,COMUN BASICO,RAMAL C,IDA
178,8587,91,COMUN BASICO,RAMAL C,IDA
179,8588,4,COMUN BASICO,RAMAL C,VUELTA
180,8589,4,COMUN BASICO,RAMAL B,VUELTA
181,8590,4,COMUN BASICO,RAMAL B,IDA
182,8591,4,COMUN BASICO,RAMAL C,IDA
183,8592,4,COMUN BASICO,RAMAL A,VUELTA
184,8594,91,EXPRESO,RAMAL F,IDA
185,8595,91,EXPRESO,RAMAL F,VUELTA
186,8596,91,COMUN BASICO,RAMAL D,IDA
187,8597,91,COMUN BASICO,RAMAL D,VUELTA
188,8598,91,COMUN BASICO,RAMAL E,IDA
189,8599,91,COMUN BASICO,RAMAL E,VUELTA
190,8604,91,COMUN BASICO,RAMAL C,VUELTA
191,8605,97,COMUN BASICO,RAMAL B,VUELTA
192,8606,97,COMUN BASICO,RAMAL B,IDA
193,8607,97,COMUN BASICO,RAMAL C,VUELTA
194,8608,97,COMUN BASICO,RAMAL C,IDA
195,8609,97,COMUN BASICO,RAMAL A,VUELTA
196,8610,97,COMUN BASICO,RAMAL A,IDA
197,8611,133,COMUN BASICO,RAMAL B,VUELTA
198,8612,133,COMUN BASICO,RAMAL A,VUELTA
199,8613,141,EXPRESO DIFERENCIAL,RAMAL C,VUELTA
200,8614,141,EXPRESO DIFERENCIAL,RAMAL C,IDA
201,8615,141,COMUN BASICO,RAMAL A,IDA
202,8616,141,COMUN BASICO,RAMAL B,IDA
203,7670,105,COMUN BASICO,RAMAL A,IDA
204,7671,105,COMUN BASICO,RAMAL B,IDA
205,7672,105,COMUN BASICO,RAMAL A,VUELTA
206,7673,105,COMUN BASICO,RAMAL B,VUELTA
207,7691,65,COMUN BASICO,RAMAL A,VUELTA
208,7692,65,COMUN BASICO,RAMAL A,IDA
209,7733,80,FRACCIONAMIENTO,RAMAL C,VUELTA
210,7734,80,FRACCIONAMIENTO,RAMAL D,VUELTA
211,7735,80,FRACCIONAMIENTO,RAMAL C,IDA
212,7736,80,FRACCIONAMIENTO,RAMAL D,IDA
213,7737,80,COMUN BASICO,RAMAL A,IDA
214,7738,80,COMUN BASICO,RAMAL B,IDA
215,7739,80,COMUN BASICO,RAMAL A,VUELTA
216,7740,80,COMUN BASICO,RAMAL B,VUELTA
217,7741,80,EXPRESO,RAMAL E,VUELTA
218,7742,80,EXPRESO,RAMAL E,IDA
219,7751,85,COMUN BASICO,RAMAL B,IDA
220,7752,85,COMUN BASICO,RAMAL C,IDA
221,7753,85,COMUN BASICO,RAMAL D,IDA
222,7754,85,COMUN BASICO,RAMAL A,IDA
223,7755,85,COMUN BASICO,RAMAL A,VUELTA
224,7756,85,COMUN BASICO,RAMAL B,VUELTA
225,7757,85,COMUN BASICO,RAMAL C,VUELTA
226,7758,85,COMUN BASICO,RAMAL D,VUELTA
227,8626,141,COMUN BASICO,RAMAL A,VUELTA
228,8627,141,COMUN BASICO,RAMAL B,VUELTA
229,8628,28,COMUN BASICO,RAMAL D,VUELTA
230,8629,28,COMUN BASICO,RAMAL E,VUELTA
231,8630,28,COMUN BASICO,RAMAL D,IDA
232,8631,28,COMUN BASICO,RAMAL E,IDA
233,8638,28,COMUN BASICO,RAMAL G,VUELTA
234,8639,28,COMUN BASICO,RAMAL G,IDA
235,8806,115,COMUN BASICO,RAMAL B,VUELTA
236,8884,143,COMUN BASICO,RAMAL I,VUELTA
237,8885,143,COMUN BASICO,RAMAL E,VUELTA
238,8886,143,COMUN BASICO,RAMAL H,VUELTA
239,7821,1,COMUN BASICO,RAMAL A,IDA
240,7822,1,COMUN BASICO,RAMAL A,VUELTA
241,7834,150,COMUN BASICO,RAMAL A,VUELTA
242,7835,150,COMUN BASICO,RAMAL B,VUELTA
243,7836,150,COMUN BASICO,RAMAL B,IDA
244,7837,150,COMUN BASICO,RAMAL A,IDA
245,7838,128,COMUN BASICO,RAMAL A,IDA
246,7840,118,COMUN BASICO,RAMAL A,VUELTA
247,7841,118,COMUN BASICO,RAMAL A,IDA
248,7846,60,COMUN BASICO,RAMAL Ñ,IDA
249,7847,60,COMUN BASICO,RAMAL O,IDA
250,7856,15,EXPRESO,RAMAL J,IDA
251,7857,15,EXPRESO,RAMAL I,VUELTA
252,7858,15,COMUN BASICO,RAMAL A,VUELTA
253,7859,15,COMUN BASICO,RAMAL A,IDA
254,7860,15,EXPRESO,RAMAL H,IDA
255,7861,15,EXPRESO,RAMAL I,IDA
256,7862,15,COMUN BASICO,RAMAL B,IDA
257,7863,15,EXPRESO,RAMAL K,IDA
258,7864,15,COMUN BASICO,RAMAL E,IDA
259,7865,15,COMUN BASICO,RAMAL D,IDA
260,7866,95,COMUN BASICO,RAMAL A,VUELTA
261,7867,95,COMUN BASICO,RAMAL B,VUELTA
262,7868,95,COMUN BASICO,RAMAL A,IDA
263,7869,95,COMUN BASICO,RAMAL B,IDA
264,7870,15,EXPRESO,RAMAL L,IDA
265,7871,15,COMUN BASICO,RAMAL F,IDA
266,7872,60,EXPRESO DIFERENCIAL,RAMAL S,IDA
267,7873,60,COMUN BASICO,RAMAL D,VUELTA
268,7874,60,EXPRESO DIFERENCIAL,RAMAL S,VUELTA
269,7875,55,COMUN BASICO,RAMAL A,VUELTA
270,7876,55,COMUN BASICO,RAMAL B,VUELTA
271,7877,55,EXPRESO,RAMAL C,VUELTA
272,7878,55,COMUN BASICO,RAMAL A,IDA
273,7879,55,COMUN BASICO,RAMAL B,IDA
274,7880,55,EXPRESO,RAMAL C,IDA
275,7907,15,COMUN BASICO,RAMAL D,VUELTA
276,7908,15,COMUN BASICO,RAMAL B,VUELTA
277,7909,37,COMUN BASICO,RAMAL C,IDA
278,7910,37,COMUN BASICO,RAMAL A,VUELTA
279,7911,37,COMUN BASICO,RAMAL B,VUELTA
280,7912,37,COMUN BASICO,RAMAL C,VUELTA
281,7913,37,COMUN BASICO,RAMAL A,IDA
282,7914,37,COMUN BASICO,RAMAL B,IDA
283,7915,15,EXPRESO,RAMAL K,VUELTA
284,7916,15,EXPRESO,RAMAL L,VUELTA
285,7917,15,EXPRESO,RAMAL H,VUELTA
286,7918,15,COMUN BASICO,RAMAL G,VUELTA
287,7919,15,COMUN BASICO,RAMAL C,IDA
288,7920,15,COMUN BASICO,RAMAL C,VUELTA
289,7921,15,EXPRESO,RAMAL J,VUELTA
290,7922,15,COMUN BASICO,RAMAL E,VUELTA
291,7923,15,COMUN BASICO,RAMAL F,VUELTA
292,7924,15,COMUN BASICO,RAMAL G,IDA
293,7925,60,COMUN BASICO,RAMAL Q,VUELTA
294,7926,60,COMUN BASICO,RAMAL Q,IDA
295,7927,60,COMUN BASICO,RAMAL K,VUELTA
296,7928,60,COMUN BASICO,RAMAL L,VUELTA
297,7929,60,COMUN BASICO,RAMAL D,IDA
298,7930,60,COMUN BASICO,RAMAL K,IDA
299,7931,60,COMUN BASICO,RAMAL L,IDA
300,7932,60,EXPRESO,RAMAL R,IDA
301,7933,60,COMUN BASICO,RAMAL H,VUELTA
302,7934,60,EXPRESO,RAMAL R,VUELTA
303,7935,60,COMUN BASICO,RAMAL N,IDA
304,7936,60,COMUN BASICO,RAMAL P,IDA
305,7937,60,COMUN BASICO,RAMAL C,VUELTA
306,7938,60,COMUN BASICO,RAMAL G,VUELTA
307,7939,60,COMUN BASICO,RAMAL I,VUELTA
308,7940,60,COMUN BASICO,RAMAL J,VUELTA
309,7941,60,COMUN BASICO,RAMAL M,VUELTA
310,7942,60,COMUN BASICO,RAMAL N,VUELTA
311,7943,60,COMUN BASICO,RAMAL Ñ,VUELTA
312,7944,60,COMUN BASICO,RAMAL O,VUELTA
313,7945,60,COMUN BASICO,RAMAL P,VUELTA
314,7946,60,COMUN BASICO,RAMAL C,IDA
315,7947,60,COMUN BASICO,RAMAL G,IDA
316,7948,60,COMUN BASICO,RAMAL H,IDA
317,7949,60,COMUN BASICO,RAMAL I,IDA
318,7950,60,COMUN BASICO,RAMAL J,IDA
319,7951,60,COMUN BASICO,RAMAL M,IDA
320,7952,60,COMUN BASICO,RAMAL F,VUELTA
321,7953,60,COMUN BASICO,RAMAL F,IDA
322,8640,104,EXPRESO,RAMAL C,VUELTA
323,8641,104,EXPRESO,RAMAL C,IDA
324,8642,104,COMUN BASICO,RAMAL A,VUELTA
325,8643,104,COMUN BASICO,RAMAL B,VUELTA
326,8644,104,COMUN BASICO,RAMAL A,IDA
327,8645,104,COMUN BASICO,RAMAL B,IDA
328,8646,75,COMUN BASICO,RAMAL B,IDA
329,8647,75,COMUN BASICO,RAMAL A,IDA
330,8648,75,COMUN BASICO,RAMAL B,VUELTA
331,8649,75,COMUN BASICO,RAMAL A,VUELTA
332,8650,134,COMUN BASICO,RAMAL A,IDA
333,8651,134,COMUN BASICO,RAMAL A,VUELTA
334,8652,134,COMUN BASICO,RAMAL B,VUELTA
335,8653,134,COMUN BASICO,RAMAL B,IDA
336,7958,194,COMUN BASICO,RAMAL C,IDA
337,7959,194,DIFERENCIAL,RAMAL D,IDA
338,7960,194,COMUN BASICO,RAMAL A,IDA
339,7961,194,COMUN BASICO,RAMAL B,IDA
340,7966,194,COMUN BASICO,RAMAL B,VUELTA
341,7967,194,DIFERENCIAL,RAMAL D,VUELTA
342,7968,194,EXPRESO,RAMAL E,VUELTA
343,7969,194,,RAMAL E,IDA
344,7970,194,COMUN BASICO,RAMAL A,VUELTA
345,7971,194,COMUN BASICO,RAMAL C,VUELTA
346,7974,41,EXPRESO,RAMAL C,VUELTA
347,7975,41,EXPRESO,RAMAL C,IDA
348,7976,41,COMUN BASICO,RAMAL A,VUELTA
349,7977,41,COMUN BASICO,RAMAL A,IDA
350,7978,41,COMUN BASICO,RAMAL B,VUELTA
351,7979,41,COMUN BASICO,RAMAL B,IDA
352,7986,21,COMUN BASICO,RAMAL A,VUELTA
353,7987,21,COMUN BASICO,RAMAL A,IDA
354,7988,21,COMUN BASICO,RAMAL E,IDA
355,7989,21,COMUN BASICO,RAMAL E,VUELTA
356,7990,21,COMUN BASICO,RAMAL D,VUELTA
357,7991,21,COMUN BASICO,RAMAL D,IDA
358,7992,21,COMUN BASICO,RAMAL B,VUELTA
359,7993,21,COMUN BASICO,RAMAL B,IDA
360,7996,21,COMUN BASICO,RAMAL C,IDA
361,7997,21,COMUN BASICO,RAMAL H,IDA
362,7998,21,EXPRESO,RAMAL I,IDA
363,7999,21,COMUN BASICO,RAMAL C,VUELTA
364,8000,21,COMUN BASICO,RAMAL F,VUELTA
365,8001,21,COMUN BASICO,RAMAL G,VUELTA
366,8002,21,COMUN BASICO,RAMAL H,VUELTA
367,8003,21,EXPRESO,RAMAL I,VUELTA
368,8004,151,COMUN BASICO,RAMAL A,VUELTA
369,8005,21,COMUN BASICO,RAMAL F,IDA
370,8006,21,COMUN BASICO,RAMAL G,IDA
371,8007,151,COMUN BASICO,RAMAL A,IDA
372,8010,29,EXPRESO,RAMAL D,VUELTA
373,8011,29,EXPRESO,RAMAL D,IDA
374,8018,59,COMUN BASICO,RAMAL C,IDA
375,8019,59,COMUN BASICO,RAMAL C,VUELTA
376,8020,59,COMUN BASICO,RAMAL A,IDA
377,8021,59,COMUN BASICO,RAMAL B,IDA
378,8022,59,COMUN BASICO,RAMAL A,VUELTA
379,8023,59,COMUN BASICO,RAMAL B,VUELTA
380,8024,68,COMUN BASICO,RAMAL A,VUELTA
381,8025,68,COMUN BASICO,RAMAL B,VUELTA
382,8026,68,COMUN BASICO,RAMAL A,IDA
383,8027,68,COMUN BASICO,RAMAL B,IDA
384,8034,161,COMUN BASICO,RAMAL A,VUELTA
385,8035,161,COMUN BASICO,RAMAL C,VUELTA
386,8036,161,COMUN BASICO,RAMAL A,IDA
387,8043,161,COMUN BASICO,RAMAL C,IDA
388,8044,161,COMUN BASICO,RAMAL B,VUELTA
389,8045,161,COMUN BASICO,RAMAL D,VUELTA
390,8046,161,COMUN BASICO,RAMAL B,IDA
391,8047,161,COMUN BASICO,RAMAL D,IDA
392,8050,184,COMUN BASICO,RAMAL A,VUELTA
393,8051,184,COMUN BASICO,RAMAL A,IDA
394,8053,168,COMUN BASICO,RAMAL F,VUELTA
395,8062,5,COMUN BASICO,RAMAL B,IDA
396,8063,5,COMUN BASICO,RAMAL A,IDA
397,8064,45,EXPRESO,RAMAL D,VUELTA
398,8065,45,EXPRESO,RAMAL D,IDA
399,8066,45,EXPRESO,RAMAL B,VUELTA
400,8070,45,EXPRESO,RAMAL C,VUELTA
401,8073,45,COMUN BASICO,RAMAL A,VUELTA
402,8074,9,COMUN BASICO,RAMAL A,VUELTA
403,8075,9,COMUN BASICO,RAMAL B,VUELTA
404,8084,17,COMUN BASICO,RAMAL A,IDA
405,8085,17,COMUN BASICO,RAMAL A,VUELTA
406,8086,19,COMUN BASICO,RAMAL A,VUELTA
407,8087,19,COMUN BASICO,RAMAL A,IDA
408,8088,20,COMUN BASICO,RAMAL A,IDA
409,8089,20,COMUN BASICO,RAMAL B,VUELTA
410,8090,20,COMUN BASICO,RAMAL B,IDA
411,8091,20,COMUN BASICO,RAMAL A,VUELTA
412,8092,90,,RAMAL D,VUELTA
413,8093,90,,RAMAL E,VUELTA
414,8671,2,COMUN BASICO,RAMAL A,VUELTA
415,8672,2,COMUN BASICO,RAMAL B,VUELTA
416,8675,84,COMUN BASICO,RAMAL A,VUELTA
417,8679,112,COMUN BASICO,RAMAL A,VUELTA
418,8680,112,COMUN BASICO,RAMAL A,IDA
419,8887,143,COMUN BASICO,RAMAL F,IDA
420,8888,143,COMUN BASICO,RAMAL G,IDA
421,8889,143,COMUN BASICO,RAMAL I,IDA
422,8890,143,COMUN BASICO,RAMAL H,IDA
423,8891,143,COMUN BASICO,RAMAL E,IDA
424,8892,143,COMUN BASICO,RAMAL A,IDA
425,8893,143,COMUN BASICO,RAMAL B,IDA
426,8894,143,COMUN BASICO,RAMAL C,IDA
427,8895,143,COMUN BASICO,RAMAL D,IDA
428,8904,152,EXPRESO,RAMAL D,VUELTA
429,8905,152,COMUN BASICO,RAMAL B,VUELTA
430,8906,152,COMUN BASICO,RAMAL C,VUELTA
431,8137,24,COMUN BASICO,RAMAL B,VUELTA
432,8139,24,COMUN BASICO,RAMAL B,IDA
433,8140,24,COMUN BASICO,RAMAL A,VUELTA
434,8141,24,COMUN BASICO,RAMAL A,IDA
435,8149,25,COMUN BASICO,RAMAL A,IDA
436,8150,25,COMUN BASICO,RAMAL A,VUELTA
437,8154,28,COMUN BASICO,RAMAL H,VUELTA
438,8155,28,COMUN BASICO,RAMAL I,VUELTA
439,8156,28,EXPRESO,RAMAL J,VUELTA
440,8157,28,COMUN BASICO,RAMAL H,IDA
441,8158,28,COMUN BASICO,RAMAL I,IDA
442,8159,28,EXPRESO,RAMAL J,IDA
443,8162,28,COMUN BASICO,RAMAL F,VUELTA
444,8163,28,EXPRESO,RAMAL K,VUELTA
445,8164,28,COMUN BASICO,RAMAL F,IDA
446,8165,28,EXPRESO,RAMAL K,IDA
447,8193,168,COMUN BASICO,RAMAL F,IDA
448,8681,110,COMUN BASICO,RAMAL B,IDA
449,8682,87,COMUN BASICO,RAMAL B,VUELTA
450,8683,87,COMUN BASICO,RAMAL C,VUELTA
451,8684,87,COMUN BASICO,RAMAL A,VUELTA
452,8685,110,COMUN BASICO,RAMAL B,VUELTA
453,8686,110,COMUN BASICO,RAMAL A,VUELTA
454,8687,110,COMUN BASICO,RAMAL A,IDA
455,8688,108,COMUN BASICO,RAMAL A,IDA
456,8689,108,COMUN BASICO,RAMAL A,VUELTA
457,8690,124,COMUN BASICO,RAMAL A,IDA
458,8696,28,COMUN BASICO,RAMAL A,VUELTA
459,8697,28,COMUN BASICO,RAMAL C,VUELTA
460,8698,28,COMUN BASICO,RAMAL B,VUELTA
461,8699,28,EXPRESO,RAMAL L,VUELTA
462,8700,28,COMUN BASICO,RAMAL A,IDA
463,8701,28,COMUN BASICO,RAMAL C,IDA
464,8702,28,COMUN BASICO,RAMAL B,IDA
465,8703,28,EXPRESO,RAMAL L,IDA
466,8704,115,COMUN BASICO,RAMAL A,IDA
467,8705,57,COMUN BASICO,RAMAL K,IDA
468,8706,57,EXPRESO,RAMAL M,VUELTA
469,8707,57,COMUN BASICO,RAMAL K,VUELTA
470,8708,57,EXPRESO,RAMAL M,IDA
471,8709,57,EXPRESO DIFERENCIAL,RAMAL N,IDA
472,8710,57,COMUN BASICO,RAMAL F,IDA
473,8711,57,COMUN BASICO,RAMAL G,IDA
474,8712,57,COMUN BASICO,RAMAL C,IDA
475,8713,57,COMUN BASICO,RAMAL B,IDA
476,8714,57,EXPRESO,RAMAL L,IDA
477,8715,57,COMUN BASICO,RAMAL B,VUELTA
478,8716,57,EXPRESO,RAMAL L,VUELTA
479,8717,57,COMUN BASICO,RAMAL A,VUELTA
480,8718,57,COMUN BASICO,RAMAL C,VUELTA
481,8719,57,COMUN BASICO,RAMAL D,VUELTA
482,8720,57,COMUN BASICO,RAMAL E,VUELTA
483,8721,57,COMUN BASICO,RAMAL I,VUELTA
484,8722,57,COMUN BASICO,RAMAL G,VUELTA
485,8723,57,COMUN BASICO,RAMAL J,VUELTA
486,8724,57,COMUN BASICO,RAMAL D,IDA
487,8725,57,COMUN BASICO,RAMAL E,IDA
488,8726,57,COMUN BASICO,RAMAL F,VUELTA
489,8727,57,COMUN BASICO,RAMAL H,IDA
490,8728,57,COMUN BASICO,RAMAL I,IDA
491,8729,57,EXPRESO DIFERENCIAL,RAMAL N,VUELTA
492,8730,57,COMUN BASICO,RAMAL J,IDA
493,8731,57,COMUN BASICO,RAMAL A,IDA
494,8732,57,EXPRESO DIFERENCIAL,RAMAL Ñ,IDA
495,8733,57,EXPRESO DIFERENCIAL,RAMAL Ñ,VUELTA
496,8211,39,COMUN BASICO,RAMAL C,IDA
497,8212,39,COMUN BASICO,RAMAL C,VUELTA
498,8213,39,COMUN BASICO,RAMAL A,IDA
499,8214,39,COMUN BASICO,RAMAL B,VUELTA
500,8215,39,COMUN BASICO,RAMAL A,VUELTA
501,8216,39,COMUN BASICO,RAMAL B,IDA
502,8217,53,FRACCIONAMIENTO,RAMAL D,VUELTA
503,8219,53,COMUN BASICO,RAMAL A,VUELTA
504,8220,53,COMUN BASICO,RAMAL C,VUELTA
505,8223,53,COMUN BASICO,RAMAL B,VUELTA
506,8225,53,EXPRESO,RAMAL E,VUELTA
507,8226,53,EXPRESO,RAMAL E,IDA
508,8227,99,COMUN BASICO,RAMAL A,IDA
509,8228,99,COMUN BASICO,RAMAL A,VUELTA
510,8229,176,COMUN BASICO,RAMAL F,VUELTA
511,8230,176,COMUN BASICO,RAMAL F,IDA
512,8231,176,COMUN BASICO,RAMAL J,VUELTA
513,8232,176,COMUN BASICO,RAMAL J,IDA
514,8233,176,COMUN BASICO,RAMAL K,VUELTA
515,8234,176,COMUN BASICO,RAMAL K,IDA
516,8235,176,COMUN BASICO,RAMAL L,VUELTA
517,8236,176,COMUN BASICO,RAMAL L,IDA
518,8241,124,COMUN BASICO,RAMAL A,VUELTA
519,8242,78,COMUN BASICO,RAMAL A,IDA
520,8243,78,COMUN BASICO,RAMAL B,IDA
521,8244,78,COMUN BASICO,RAMAL A,VUELTA
522,8245,78,COMUN BASICO,RAMAL B,VUELTA
523,8246,176,COMUN BASICO,RAMAL G,VUELTA
524,8247,176,COMUN BASICO,RAMAL G,IDA
525,8248,176,COMUN BASICO,RAMAL H,VUELTA
526,8249,78,COMUN BASICO,RAMAL C,VUELTA
527,8250,78,COMUN BASICO,RAMAL C,IDA
528,8251,176,COMUN BASICO,RAMAL M,VUELTA
529,8252,176,COMUN BASICO,RAMAL H,IDA
530,8255,176,COMUN BASICO,RAMAL M,IDA
531,8256,176,COMUN BASICO,RAMAL A,IDA
532,8257,176,COMUN BASICO,RAMAL I,VUELTA
533,8258,176,COMUN BASICO,RAMAL A,VUELTA
534,8259,176,COMUN BASICO,RAMAL E,IDA
535,8260,176,COMUN BASICO,RAMAL D,VUELTA
536,8261,176,COMUN BASICO,RAMAL E,VUELTA
537,8262,176,EXPRESO,RAMAL Ñ,IDA
538,8263,176,COMUN BASICO,RAMAL C,IDA
539,8264,176,COMUN BASICO,RAMAL C,VUELTA
540,8265,176,EXPRESO,RAMAL Ñ,VUELTA
541,8266,176,COMUN BASICO,RAMAL B,IDA
542,8267,176,COMUN BASICO,RAMAL B,VUELTA
543,8268,176,COMUN BASICO,RAMAL A,VUELTA
544,8269,176,COMUN BASICO,RAMAL N,IDA
545,8270,176,COMUN BASICO,RAMAL N,VUELTA
546,8271,176,COMUN BASICO,RAMAL I,IDA
547,8734,57,,RAMAL O,IDA
548,8735,57,,RAMAL O,VUELTA
549,8736,57,,RAMAL P,VUELTA
550,8737,57,,RAMAL P,IDA
551,8738,29,COMUN BASICO,RAMAL B,IDA
552,8739,29,COMUN BASICO,RAMAL A,IDA
553,8740,57,,RAMAL Q,IDA
554,8741,29,COMUN BASICO,RAMAL C,IDA
555,8742,57,COMUN BASICO,RAMAL H,VUELTA
556,8743,57,,RAMAL R,IDA
557,8744,4,COMUN BASICO,RAMAL A,IDA
558,8745,180,COMUN BASICO,RAMAL F,IDA
559,8746,180,COMUN BASICO,RAMAL F,VUELTA
560,8747,180,COMUN BASICO,RAMAL E,IDA
561,8748,180,COMUN BASICO,RAMAL E,VUELTA
562,8749,180,COMUN BASICO,RAMAL D,VUELTA
563,8750,180,COMUN BASICO,RAMAL G,VUELTA
564,8751,180,COMUN BASICO,RAMAL C,IDA
565,8752,180,COMUN BASICO,RAMAL C,VUELTA
566,8753,180,EXPRESO,RAMAL I,IDA
567,8754,180,EXPRESO,RAMAL I,VUELTA
568,8755,180,COMUN BASICO,RAMAL B,IDA
569,8756,180,EXPRESO,RAMAL H,IDA
570,8757,180,EXPRESO,RAMAL H,VUELTA
571,8758,180,COMUN BASICO,RAMAL B,VUELTA
572,8759,180,COMUN BASICO,RAMAL D,IDA
573,8760,180,COMUN BASICO,RAMAL A,IDA
574,8761,180,COMUN BASICO,RAMAL A,VUELTA
575,8764,56,COMUN BASICO,RAMAL A,IDA
576,8765,6,COMUN BASICO,RAMAL B,VUELTA
577,8766,6,COMUN BASICO,RAMAL D,VUELTA
578,8767,6,COMUN BASICO,RAMAL B,IDA
579,8768,6,COMUN BASICO,RAMAL D,IDA
580,8769,56,COMUN BASICO,RAMAL A,VUELTA
581,8770,56,COMUN BASICO,RAMAL B,IDA
582,8771,56,COMUN BASICO,RAMAL B,VUELTA
583,8772,56,EXPRESO,RAMAL D,VUELTA
584,8773,7,COMUN BASICO,RAMAL B,IDA
585,8774,7,COMUN BASICO,RAMAL B,VUELTA
586,8777,56,EXPRESO,RAMAL D,IDA
587,8778,9,COMUN BASICO,RAMAL A,IDA
588,8779,9,COMUN BASICO,RAMAL B,IDA
589,8780,61,COMUN BASICO,RAMAL A,VUELTA
590,8783,22,COMUN BASICO,RAMAL A,IDA
591,8784,22,COMUN BASICO,RAMAL B,IDA
592,8785,61,COMUN BASICO,RAMAL B,VUELTA
593,8787,26,COMUN BASICO,RAMAL A,IDA
594,8788,26,COMUN BASICO,RAMAL A,VUELTA
595,8789,62,COMUN BASICO,RAMAL A,IDA
596,8790,62,COMUN BASICO,RAMAL B,IDA
597,8791,56,COMUN BASICO,RAMAL C,IDA
598,8792,56,COMUN BASICO,RAMAL C,VUELTA
599,8289,90,,RAMAL E,IDA
600,8290,90,,RAMAL D,IDA
601,8296,71,COMUN BASICO,RAMAL B,VUELTA
602,8297,71,COMUN BASICO,RAMAL A,IDA
603,8298,71,COMUN BASICO,RAMAL C,IDA
604,8299,71,COMUN BASICO,RAMAL B,IDA
605,8300,71,COMUN BASICO,RAMAL A,VUELTA
606,8312,67,COMUN BASICO,RAMAL A,VUELTA
607,8313,67,COMUN BASICO,RAMAL B,VUELTA
608,8314,67,COMUN BASICO,RAMAL A,IDA
609,8315,67,COMUN BASICO,RAMAL B,IDA
610,8319,102,COMUN BASICO,RAMAL A,VUELTA
611,8320,102,COMUN BASICO,RAMAL A,IDA
612,8323,10,COMUN BASICO,RAMAL A,IDA
613,8324,10,COMUN BASICO,RAMAL A,VUELTA
614,8330,70,COMUN BASICO,RAMAL A,VUELTA
615,8331,70,COMUN BASICO,RAMAL A,IDA
616,8356,71,COMUN BASICO,RAMAL C,VUELTA
617,777,79,COMUN BASICO,RAMAL G,VUELTA
618,368,126,COMUN BASICO,RAMAL C,IDA
619,380,129,COMUN BASICO,RAMAL I,IDA
620,381,129,COMUN BASICO,RAMAL J,IDA
621,382,129,COMUN BASICO,RAMAL K,IDA
622,383,129,COMUN BASICO,RAMAL L,IDA
623,385,129,COMUN BASICO,RAMAL N,IDA
624,301,96,EXPRESO,RAMAL AA,IDA
625,302,96,EXPRESO,RAMAL AB,IDA
626,303,96,EXPRESO,RAMAL AC,IDA
627,6813,88,COMUN BASICO,RAMAL L,VUELTA
628,5941,113,COMUN BASICO,RAMAL A,IDA
629,5942,113,COMUN BASICO,RAMAL B,IDA
630,6657,118,COMUN BASICO,RAMAL B,VUELTA
631,6659,118,COMUN BASICO,RAMAL B,IDA
632,6040,129,COMUN BASICO,RAMAL Ñ,VUELTA
633,6042,129,COMUN BASICO,RAMAL Ñ,IDA
634,6115,146,COMUN BASICO,RAMAL A,IDA
635,6116,146,COMUN BASICO,RAMAL B,IDA
636,6132,146,COMUN BASICO,RAMAL A,VUELTA
637,6133,146,COMUN BASICO,RAMAL B,VUELTA
638,6139,146,DIFERENCIAL,RAMAL C,VUELTA
639,5579,172,COMUN BASICO,RAMAL B,VUELTA
640,5580,172,COMUN BASICO,RAMAL A,VUELTA
641,5581,172,COMUN BASICO,RAMAL A,IDA
642,5582,172,COMUN BASICO,RAMAL B,IDA
643,478,165,COMUN BASICO,RAMAL A,IDA
644,479,165,COMUN BASICO,RAMAL B,IDA
645,480,165,COMUN BASICO,RAMAL C,IDA
646,481,165,COMUN BASICO,RAMAL D,IDA
647,482,165,COMUN BASICO,RAMAL E,IDA
648,369,126,COMUN BASICO,RAMAL D,IDA
649,372,129,COMUN BASICO,RAMAL A,IDA
650,373,129,COMUN BASICO,RAMAL B,IDA
651,374,129,COMUN BASICO,RAMAL C,IDA
652,375,129,COMUN BASICO,RAMAL D,IDA
653,376,129,COMUN BASICO,RAMAL E,IDA
654,377,129,COMUN BASICO,RAMAL F,IDA
655,378,129,COMUN BASICO,RAMAL G,IDA
656,379,129,COMUN BASICO,RAMAL H,IDA
657,1001,153,COMUN BASICO,RAMAL A,VUELTA
658,1002,154,COMUN BASICO,RAMAL A,VUELTA
659,1003,158,COMUN BASICO,RAMAL A,VUELTA
660,1103,185,COMUN BASICO,RAMAL A,VUELTA
661,1104,185,COMUN BASICO,RAMAL B,VUELTA
662,1105,185,COMUN BASICO,RAMAL C,VUELTA
663,1054,174,COMUN BASICO,RAMAL A,VUELTA
664,483,165,EXPRESO,RAMAL F,IDA
665,1055,174,COMUN BASICO,RAMAL B,VUELTA
666,1056,174,COMUN BASICO,RAMAL C,VUELTA
667,1057,174,COMUN BASICO,RAMAL D,VUELTA
668,1058,174,COMUN BASICO,RAMAL E,VUELTA
669,1059,174,COMUN BASICO,RAMAL F,VUELTA
670,1060,174,COMUN BASICO,RAMAL G,VUELTA
671,778,79,COMUN BASICO,RAMAL H,VUELTA
672,779,79,COMUN BASICO,RAMAL I,VUELTA
673,780,79,COMUN BASICO,RAMAL J,VUELTA
674,989,148,COMUN BASICO,RAMAL F,VUELTA
675,990,148,COMUN BASICO,RAMAL G,VUELTA
676,991,148,COMUN BASICO,RAMAL H,VUELTA
677,992,148,COMUN BASICO,RAMAL I,VUELTA
678,993,148,COMUN BASICO,RAMAL J,VUELTA
679,1034,163,COMUN BASICO,RAMAL A,VUELTA
680,1035,163,COMUN BASICO,RAMAL B,VUELTA
681,1036,165,COMUN BASICO,RAMAL A,VUELTA
682,1037,165,COMUN BASICO,RAMAL B,VUELTA
683,1038,165,COMUN BASICO,RAMAL C,VUELTA
684,1039,165,COMUN BASICO,RAMAL D,VUELTA
685,1040,165,COMUN BASICO,RAMAL E,VUELTA
686,1041,165,EXPRESO,RAMAL F,VUELTA
687,849,96,COMUN BASICO,RAMAL P,VUELTA
688,850,96,COMUN BASICO,RAMAL Q,VUELTA
689,851,96,COMUN BASICO,RAMAL R,VUELTA
690,852,96,COMUN BASICO,RAMAL S,VUELTA
691,853,96,COMUN BASICO,RAMAL T,VUELTA
692,854,96,COMUN BASICO,RAMAL U,VUELTA
693,1077,177,COMUN BASICO,RAMAL A,VUELTA
694,1078,177,COMUN BASICO,RAMAL B,VUELTA
695,1079,178,COMUN BASICO,RAMAL A,VUELTA
696,1080,178,COMUN BASICO,RAMAL B,VUELTA
697,1081,178,COMUN BASICO,RAMAL C,VUELTA
698,1082,178,COMUN BASICO,RAMAL D,VUELTA
699,1083,178,COMUN BASICO,RAMAL E,VUELTA
700,1084,179,COMUN BASICO,RAMAL A,VUELTA
701,1085,179,COMUN BASICO,RAMAL B,VUELTA
702,1086,179,COMUN BASICO,RAMAL C,VUELTA
703,926,126,COMUN BASICO,RAMAL C,VUELTA
704,927,126,COMUN BASICO,RAMAL D,VUELTA
705,930,129,COMUN BASICO,RAMAL A,VUELTA
706,931,129,COMUN BASICO,RAMAL B,VUELTA
707,932,129,COMUN BASICO,RAMAL C,VUELTA
708,933,129,COMUN BASICO,RAMAL D,VUELTA
709,934,129,COMUN BASICO,RAMAL E,VUELTA
710,935,129,COMUN BASICO,RAMAL F,VUELTA
711,936,129,COMUN BASICO,RAMAL G,VUELTA
712,937,129,COMUN BASICO,RAMAL H,VUELTA
713,938,129,COMUN BASICO,RAMAL I,VUELTA
714,939,129,COMUN BASICO,RAMAL J,VUELTA
715,940,129,COMUN BASICO,RAMAL K,VUELTA
716,941,129,COMUN BASICO,RAMAL L,VUELTA
717,943,129,COMUN BASICO,RAMAL N,VUELTA
718,798,86,EXPRESO,RAMAL H,VUELTA
719,799,86,EXPRESO,RAMAL I,VUELTA
720,833,96,COMUN BASICO,RAMAL A,VUELTA
721,834,96,COMUN BASICO,RAMAL B,VUELTA
722,835,96,COMUN BASICO,RAMAL C,VUELTA
723,836,96,COMUN BASICO,RAMAL D,VUELTA
724,837,96,COMUN BASICO,RAMAL E,VUELTA
725,838,96,COMUN BASICO,RAMAL F,VUELTA
726,839,96,COMUN BASICO,RAMAL G,VUELTA
727,840,96,COMUN BASICO,RAMAL H,VUELTA
728,841,96,COMUN BASICO,RAMAL I,VUELTA
729,842,96,COMUN BASICO,RAMAL J,VUELTA
730,843,96,COMUN BASICO,RAMAL K,VUELTA
731,844,96,COMUN BASICO,RAMAL L,VUELTA
732,845,96,COMUN BASICO,RAMAL M,VUELTA
733,846,96,COMUN BASICO,RAMAL N,VUELTA
734,847,96,COMUN BASICO,RAMAL Ñ,VUELTA
735,848,96,COMUN BASICO,RAMAL O,VUELTA
736,855,96,COMUN BASICO,RAMAL V,VUELTA
737,856,96,COMUN BASICO,RAMAL W,VUELTA
738,857,96,COMUN BASICO,RAMAL X,VUELTA
739,858,96,COMUN BASICO,RAMAL Y,VUELTA
740,859,96,COMUN BASICO,RAMAL Z,VUELTA
741,860,96,EXPRESO,RAMAL AA,VUELTA
742,861,96,EXPRESO,RAMAL AB,VUELTA
743,862,96,EXPRESO,RAMAL AC,VUELTA
744,863,96,EXPRESO,RAMAL AD,VUELTA
745,864,96,EXPRESO,RAMAL AE,VUELTA
746,865,96,EXPRESO,RAMAL AF,VUELTA
747,866,96,EXPRESO,RAMAL AG,VUELTA
748,867,96,EXPRESO,RAMAL AH,VUELTA
749,6798,160,FRACCIONAMIENTO,RAMAL G,IDA
750,6799,160,EXPRESO,RAMAL N,IDA
751,771,79,COMUN BASICO,RAMAL A,VUELTA
752,772,79,COMUN BASICO,RAMAL B,VUELTA
753,773,79,COMUN BASICO,RAMAL C,VUELTA
754,774,79,COMUN BASICO,RAMAL D,VUELTA
755,6803,88,COMUN BASICO,RAMAL G,VUELTA
756,6804,88,COMUN BASICO,RAMAL I,VUELTA
757,476,163,COMUN BASICO,RAMAL A,IDA
758,477,163,COMUN BASICO,RAMAL B,IDA
759,6805,88,COMUN BASICO,RAMAL A,IDA
760,496,174,COMUN BASICO,RAMAL A,IDA
761,497,174,COMUN BASICO,RAMAL B,IDA
762,498,174,COMUN BASICO,RAMAL D,IDA
763,499,174,COMUN BASICO,RAMAL E,IDA
764,500,174,COMUN BASICO,RAMAL F,IDA
765,501,174,COMUN BASICO,RAMAL G,IDA
766,518,177,COMUN BASICO,RAMAL A,IDA
767,519,177,COMUN BASICO,RAMAL B,IDA
768,520,178,COMUN BASICO,RAMAL A,IDA
769,521,178,COMUN BASICO,RAMAL B,IDA
770,522,178,COMUN BASICO,RAMAL C,IDA
771,523,178,COMUN BASICO,RAMAL D,IDA
772,524,178,COMUN BASICO,RAMAL E,IDA
773,525,179,COMUN BASICO,RAMAL A,IDA
774,526,179,COMUN BASICO,RAMAL B,IDA
775,527,179,COMUN BASICO,RAMAL C,IDA
776,6806,88,EXPRESO,RAMAL M,IDA
777,6807,88,EXPRESO,RAMAL N,IDA
778,543,185,COMUN BASICO,RAMAL A,IDA
779,544,185,COMUN BASICO,RAMAL B,IDA
780,545,185,COMUN BASICO,RAMAL C,IDA
781,6808,88,COMUN BASICO,RAMAL B,VUELTA
782,6809,88,COMUN BASICO,RAMAL D,VUELTA
783,6810,88,COMUN BASICO,RAMAL F,VUELTA
784,404,136,COMUN BASICO,RAMAL A,IDA
785,405,136,COMUN BASICO,RAMAL B,IDA
786,406,136,COMUN BASICO,RAMAL C,IDA
787,407,136,COMUN BASICO,RAMAL D,IDA
788,427,148,COMUN BASICO,RAMAL A,IDA
789,428,148,COMUN BASICO,RAMAL B,IDA
790,429,148,COMUN BASICO,RAMAL C,IDA
791,430,148,COMUN BASICO,RAMAL D,IDA
792,431,148,COMUN BASICO,RAMAL E,IDA
793,432,148,COMUN BASICO,RAMAL F,IDA
794,433,148,COMUN BASICO,RAMAL G,IDA
795,434,148,COMUN BASICO,RAMAL H,IDA
796,435,148,COMUN BASICO,RAMAL I,IDA
797,436,148,COMUN BASICO,RAMAL J,IDA
798,443,153,COMUN BASICO,RAMAL A,IDA
799,444,154,COMUN BASICO,RAMAL A,IDA
800,445,158,COMUN BASICO,RAMAL A,IDA
801,239,86,EXPRESO,RAMAL I,IDA
802,274,96,COMUN BASICO,RAMAL A,IDA
803,275,96,COMUN BASICO,RAMAL B,IDA
804,276,96,COMUN BASICO,RAMAL C,IDA
805,277,96,COMUN BASICO,RAMAL D,IDA
806,278,96,COMUN BASICO,RAMAL E,IDA
807,279,96,COMUN BASICO,RAMAL F,IDA
808,280,96,COMUN BASICO,RAMAL G,IDA
809,281,96,COMUN BASICO,RAMAL H,IDA
810,282,96,COMUN BASICO,RAMAL I,IDA
811,283,96,COMUN BASICO,RAMAL J,IDA
812,284,96,COMUN BASICO,RAMAL K,IDA
813,285,96,COMUN BASICO,RAMAL L,IDA
814,286,96,COMUN BASICO,RAMAL M,IDA
815,287,96,COMUN BASICO,RAMAL N,IDA
816,288,96,COMUN BASICO,RAMAL Ñ,IDA
817,289,96,COMUN BASICO,RAMAL O,IDA
818,290,96,COMUN BASICO,RAMAL P,IDA
819,291,96,COMUN BASICO,RAMAL Q,IDA
820,292,96,COMUN BASICO,RAMAL R,IDA
821,293,96,COMUN BASICO,RAMAL S,IDA
822,294,96,COMUN BASICO,RAMAL T,IDA
823,295,96,COMUN BASICO,RAMAL U,IDA
824,296,96,COMUN BASICO,RAMAL V,IDA
825,297,96,COMUN BASICO,RAMAL W,IDA
826,298,96,COMUN BASICO,RAMAL X,IDA
827,299,96,COMUN BASICO,RAMAL Y,IDA
828,300,96,COMUN BASICO,RAMAL Z,IDA
829,304,96,EXPRESO,RAMAL AD,IDA
830,305,96,EXPRESO,RAMAL AE,IDA
831,306,96,EXPRESO,RAMAL AF,IDA
832,307,96,EXPRESO,RAMAL AG,IDA
833,308,96,EXPRESO,RAMAL AH,IDA
834,211,79,COMUN BASICO,RAMAL A,IDA
835,212,79,COMUN BASICO,RAMAL B,IDA
836,213,79,COMUN BASICO,RAMAL C,IDA
837,214,79,COMUN BASICO,RAMAL D,IDA
838,215,79,COMUN BASICO,RAMAL E,IDA
839,216,79,COMUN BASICO,RAMAL F,IDA
840,217,79,COMUN BASICO,RAMAL G,IDA
841,218,79,COMUN BASICO,RAMAL H,IDA
842,219,79,COMUN BASICO,RAMAL I,IDA
843,220,79,COMUN BASICO,RAMAL J,IDA
844,6811,88,COMUN BASICO,RAMAL H,VUELTA
845,6812,88,COMUN BASICO,RAMAL J,VUELTA
846,238,86,EXPRESO,RAMAL H,IDA
847,4,174,COMUN BASICO,RAMAL C,IDA
848,6814,88,EXPRESO,RAMAL M,VUELTA
849,6815,88,EXPRESO,RAMAL N,VUELTA
850,6816,88,COMUN BASICO,RAMAL A,VUELTA
851,6817,88,COMUN BASICO,RAMAL C,VUELTA
852,6818,88,COMUN BASICO,RAMAL E,VUELTA
853,6819,88,COMUN BASICO,RAMAL B,IDA
854,6820,88,COMUN BASICO,RAMAL C,IDA
855,6821,88,COMUN BASICO,RAMAL D,IDA
856,6822,88,COMUN BASICO,RAMAL E,IDA
857,6823,88,COMUN BASICO,RAMAL F,IDA
858,6824,88,COMUN BASICO,RAMAL G,IDA
859,6825,88,COMUN BASICO,RAMAL H,IDA
860,6826,88,COMUN BASICO,RAMAL I,IDA
861,6827,88,COMUN BASICO,RAMAL J,IDA
862,6828,88,COMUN BASICO,RAMAL K,IDA
863,6829,88,COMUN BASICO,RAMAL L,IDA
864,6830,88,COMUN BASICO,RAMAL K,VUELTA
865,6865,160,EXPRESO,RAMAL N,VUELTA
866,6891,160,FRACCIONAMIENTO,RAMAL G,VUELTA
867,6596,32,COMUN BASICO,RAMAL A,IDA
868,6597,32,COMUN BASICO,RAMAL B,IDA
869,6598,32,COMUN BASICO,RAMAL C,IDA
870,6599,32,COMUN BASICO,RAMAL A,VUELTA
871,6600,32,COMUN BASICO,RAMAL B,VUELTA
872,6601,32,COMUN BASICO,RAMAL C,VUELTA
873,6602,32,COMUN BASICO,RAMAL D,VUELTA
874,6603,32,COMUN BASICO,RAMAL E,IDA
875,6620,101,COMUN BASICO,RAMAL C,IDA
876,6621,101,COMUN BASICO,RAMAL C,VUELTA
877,6623,101,COMUN BASICO,RAMAL B,VUELTA
878,6630,32,COMUN BASICO,RAMAL D,IDA
879,6647,181,COMUN BASICO,RAMAL A,IDA
880,6648,181,COMUN BASICO,RAMAL B,IDA
881,6649,181,COMUN BASICO,RAMAL A,VUELTA
882,6650,181,COMUN BASICO,RAMAL B,VUELTA
883,6655,32,COMUN BASICO,RAMAL E,VUELTA
884,7004,44,COMUN BASICO,RAMAL A,VUELTA
885,7089,34,COMUN BASICO,RAMAL C,VUELTA
886,7092,34,COMUN BASICO,RAMAL C,IDA
887,7099,166,COMUN BASICO,RAMAL A,IDA
888,7100,166,COMUN BASICO,RAMAL B,IDA
889,7101,166,COMUN BASICO,RAMAL A,VUELTA
890,7102,166,COMUN BASICO,RAMAL B,VUELTA
891,7103,106,COMUN BASICO,RAMAL A,VUELTA
892,6117,146,DIFERENCIAL,RAMAL C,IDA
893,961,136,COMUN BASICO,RAMAL A,VUELTA
894,962,136,COMUN BASICO,RAMAL B,VUELTA
895,963,136,COMUN BASICO,RAMAL C,VUELTA
896,964,136,COMUN BASICO,RAMAL D,VUELTA
897,984,148,COMUN BASICO,RAMAL A,VUELTA
898,985,148,COMUN BASICO,RAMAL B,VUELTA
899,986,148,COMUN BASICO,RAMAL C,VUELTA
900,987,148,COMUN BASICO,RAMAL D,VUELTA
901,988,148,COMUN BASICO,RAMAL E,VUELTA
902,775,79,COMUN BASICO,RAMAL E,VUELTA
903,776,79,COMUN BASICO,RAMAL F,VUELTA
904,8405,87,COMUN BASICO,RAMAL B,IDA
905,8407,87,COMUN BASICO,RAMAL C,IDA
906,8409,87,COMUN BASICO,RAMAL A,IDA
907,8413,133,COMUN BASICO,RAMAL B,IDA
908,8414,133,COMUN BASICO,RAMAL A,IDA
909,8415,160,FRACCIONAMIENTO,RAMAL E,IDA
910,8416,160,COMUN BASICO,RAMAL B,VUELTA
911,8417,160,COMUN BASICO,RAMAL C,VUELTA
912,8418,160,FRACCIONAMIENTO,RAMAL I,VUELTA
913,8419,160,FRACCIONAMIENTO,RAMAL J,VUELTA
914,8420,36,COMUN BASICO,RAMAL B,VUELTA
915,8421,36,COMUN BASICO,RAMAL B,IDA
916,8422,36,COMUN BASICO,RAMAL A,VUELTA
917,8423,36,COMUN BASICO,RAMAL A,IDA
918,8424,160,FRACCIONAMIENTO,RAMAL M,VUELTA
919,8425,160,COMUN BASICO,RAMAL A,VUELTA
920,8427,49,COMUN BASICO,RAMAL A,VUELTA
921,8428,49,COMUN BASICO,RAMAL A,IDA
922,8429,49,COMUN BASICO,RAMAL B,VUELTA
923,8430,49,COMUN BASICO,RAMAL B,IDA
924,8793,57,,RAMAL R,VUELTA
925,8794,57,,RAMAL Q,VUELTA
926,8795,127,COMUN BASICO,RAMAL A,IDA
927,8796,64,COMUN BASICO,RAMAL A,IDA
928,8797,64,COMUN BASICO,RAMAL C,IDA
929,8798,64,COMUN BASICO,RAMAL D,IDA
930,8799,64,FRACCIONAMIENTO,RAMAL F,IDA
931,8800,33,COMUN BASICO,RAMAL E,VUELTA
932,8801,33,COMUN BASICO,RAMAL F,VUELTA
933,8807,86,EXPRESO,RAMAL K,VUELTA
934,8808,86,EXPRESO,RAMAL J,VUELTA
935,8809,86,COMUN BASICO,RAMAL A,VUELTA
936,8810,86,COMUN BASICO,RAMAL C,VUELTA
937,8811,86,COMUN BASICO,RAMAL D,VUELTA
938,8812,86,COMUN BASICO,RAMAL E,VUELTA
939,8813,86,COMUN BASICO,RAMAL F,VUELTA
940,8814,86,COMUN BASICO,RAMAL G,VUELTA
941,8815,91,COMUN BASICO,RAMAL A,IDA
942,8816,91,COMUN BASICO,RAMAL A,VUELTA
943,8817,91,COMUN BASICO,RAMAL B,IDA
944,8818,91,COMUN BASICO,RAMAL B,VUELTA
945,8819,93,COMUN BASICO,RAMAL C,IDA
946,8820,93,COMUN BASICO,RAMAL A,VUELTA
947,8821,93,COMUN BASICO,RAMAL C,VUELTA
948,8822,93,COMUN BASICO,RAMAL B,VUELTA
949,8823,93,COMUN BASICO,RAMAL A,IDA
950,8824,93,COMUN BASICO,RAMAL B,IDA
951,8825,126,COMUN BASICO,RAMAL A,VUELTA
952,8826,126,COMUN BASICO,RAMAL A,IDA
953,8827,126,COMUN BASICO,RAMAL B,VUELTA
954,8828,126,COMUN BASICO,RAMAL B,IDA
955,8829,130,EXPRESO,RAMAL C,IDA
956,8830,130,EXPRESO,RAMAL D,IDA
957,8831,130,EXPRESO,RAMAL D,VUELTA
958,8832,130,COMUN BASICO,RAMAL B,IDA
959,8833,130,COMUN BASICO,RAMAL B,VUELTA
960,8834,130,COMUN BASICO,RAMAL A,VUELTA
961,8835,130,EXPRESO,RAMAL C,VUELTA
962,8836,130,COMUN BASICO,RAMAL A,IDA
963,8837,64,FRACCIONAMIENTO,RAMAL E,IDA
964,8838,64,COMUN BASICO,RAMAL C,VUELTA
965,8839,33,COMUN BASICO,RAMAL I,VUELTA
966,8840,33,COMUN BASICO,RAMAL E,IDA
967,8841,33,COMUN BASICO,RAMAL F,IDA
968,8842,33,COMUN BASICO,RAMAL G,IDA
969,8843,33,COMUN BASICO,RAMAL H,IDA
970,8844,33,COMUN BASICO,RAMAL G,VUELTA
971,8845,33,COMUN BASICO,RAMAL H,VUELTA
972,8846,33,COMUN BASICO,RAMAL A,IDA
973,8847,33,COMUN BASICO,RAMAL B,IDA
974,8848,33,COMUN BASICO,RAMAL C,IDA
975,8849,33,COMUN BASICO,RAMAL D,IDA
976,8850,33,COMUN BASICO,RAMAL C,VUELTA
977,8851,33,COMUN BASICO,RAMAL D,VUELTA
978,8852,33,COMUN BASICO,RAMAL I,IDA
979,8853,64,COMUN BASICO,RAMAL D,VUELTA
980,8854,64,FRACCIONAMIENTO,RAMAL E,VUELTA
981,8855,64,FRACCIONAMIENTO,RAMAL F,VUELTA
982,8856,45,EXPRESO,RAMAL C,IDA
983,8857,45,COMUN BASICO,RAMAL A,IDA
984,8858,45,EXPRESO,RAMAL B,IDA
985,8859,64,COMUN BASICO,RAMAL B,IDA
986,8907,152,COMUN BASICO,RAMAL A,VUELTA
987,8908,152,EXPRESO,RAMAL D,IDA
988,8909,152,COMUN BASICO,RAMAL A,IDA
989,8910,152,COMUN BASICO,RAMAL B,IDA
990,8911,152,COMUN BASICO,RAMAL C,IDA
991,8913,132,FRACCIONAMIENTO,RAMAL C,IDA
992,8914,132,FRACCIONAMIENTO,RAMAL C,VUELTA
993,8924,195,COMUN BASICO,RAMAL A,IDA
994,8925,195,COMUN BASICO,RAMAL B,IDA
995,8926,195,COMUN BASICO,RAMAL C,IDA
996,8927,195,COMUN BASICO,RAMAL D,IDA
997,8928,195,COMUN BASICO,RAMAL A,VUELTA
998,8929,195,COMUN BASICO,RAMAL B,VUELTA
999,8930,195,COMUN BASICO,RAMAL C,VUELTA
1000,8931,195,COMUN BASICO,RAMAL D,VUELTA
1001,8932,111,COMUN BASICO,RAMAL D,IDA
1002,8933,111,COMUN BASICO,RAMAL C,IDA
1003,8934,111,COMUN BASICO,RAMAL E,IDA
1004,8935,111,COMUN BASICO,RAMAL F,IDA
1005,8936,111,COMUN BASICO,RAMAL A,IDA
1006,8937,111,COMUN BASICO,RAMAL B,IDA
1007,8945,140,COMUN BASICO,RAMAL A,IDA
1008,8946,74,COMUN BASICO,RAMAL A,VUELTA
1009,8947,74,COMUN BASICO,RAMAL A,IDA
1010,8948,111,COMUN BASICO,RAMAL D,VUELTA
1011,8949,111,COMUN BASICO,RAMAL F,VUELTA
1012,8950,111,COMUN BASICO,RAMAL A,VUELTA
1013,8951,111,COMUN BASICO,RAMAL B,VUELTA
1014,8952,111,COMUN BASICO,RAMAL C,VUELTA
1015,8953,111,COMUN BASICO,RAMAL E,VUELTA
1016,8954,23,COMUN BASICO,RAMAL A,IDA
1017,8955,23,COMUN BASICO,RAMAL A,VUELTA
1018,8956,101,COMUN BASICO,RAMAL A,VUELTA
1019,8957,84,COMUN BASICO,RAMAL A,IDA
1020,8958,101,COMUN BASICO,RAMAL A,IDA
1021,8959,103,COMUN BASICO,RAMAL D,IDA
1022,8960,103,COMUN BASICO,RAMAL B,IDA
1023,8961,103,COMUN BASICO,RAMAL A,IDA
1024,8962,86,COMUN BASICO,RAMAL E,IDA
1025,8963,86,COMUN BASICO,RAMAL C,IDA
1026,8964,86,COMUN BASICO,RAMAL D,IDA
1027,8965,86,COMUN BASICO,RAMAL A,IDA
1028,8966,86,EXPRESO,RAMAL J,IDA
1029,8967,86,EXPRESO,RAMAL K,IDA
1030,8968,86,COMUN BASICO,RAMAL F,IDA
1031,8969,86,COMUN BASICO,RAMAL G,IDA
1032,8970,140,COMUN BASICO,RAMAL A,VUELTA
1033,8971,159,DIFERENCIAL,RAMAL I,IDA
1034,8972,159,DIFERENCIAL,RAMAL J,IDA
1035,8973,159,DIFERENCIAL,RAMAL K,IDA
1036,8974,159,EXPRESO DIFERENCIAL,RAMAL L,IDA
1037,8975,159,COMUN BASICO,RAMAL A,VUELTA
1038,8976,159,COMUN BASICO,RAMAL B,VUELTA
1039,8977,159,COMUN BASICO,RAMAL C,VUELTA
1040,8978,159,COMUN BASICO,RAMAL D,VUELTA
1041,8979,159,COMUN BASICO,RAMAL E,VUELTA
1042,8980,159,COMUN BASICO,RAMAL F,VUELTA
1043,8981,159,COMUN BASICO,RAMAL G,VUELTA
1044,8982,159,EXPRESO,RAMAL H,VUELTA
1045,8983,159,DIFERENCIAL,RAMAL I,VUELTA
1046,8984,159,DIFERENCIAL,RAMAL J,VUELTA
1047,8985,159,DIFERENCIAL,RAMAL K,VUELTA
1048,8986,159,EXPRESO DIFERENCIAL,RAMAL L,VUELTA
1049,8987,159,COMUN BASICO,RAMAL A,IDA
1050,8988,7,COMUN BASICO,RAMAL A,VUELTA
1051,8989,7,COMUN BASICO,RAMAL A,IDA
1052,8993,2,COMUN BASICO,RAMAL B,IDA
1053,8994,2,COMUN BASICO,RAMAL A,IDA
1054,8995,44,COMUN BASICO,RAMAL A,IDA
1055,8996,159,COMUN BASICO,RAMAL B,IDA
1056,8997,159,COMUN BASICO,RAMAL C,IDA
1057,8998,5,COMUN BASICO,RAMAL B,VUELTA
1058,8999,5,COMUN BASICO,RAMAL A,VUELTA
1059,9000,159,COMUN BASICO,RAMAL D,IDA
1060,9001,159,COMUN BASICO,RAMAL E,IDA
1061,9002,159,COMUN BASICO,RAMAL F,IDA
1062,9003,159,COMUN BASICO,RAMAL G,IDA
1063,9004,159,EXPRESO,RAMAL H,IDA
1064,9005,8,,RAMAL C,IDA
1065,9006,8,,RAMAL C,VUELTA
1066,9007,8,,RAMAL B,IDA
1067,9008,8,,RAMAL B,VUELTA
1068,9009,8,,RAMAL A,IDA
1069,9010,8,,RAMAL A,VUELTA
1070,9011,8,,RAMAL D,IDA
1071,9012,8,,RAMAL D,VUELTA
1072,9013,135,COMUN BASICO,RAMAL A,VUELTA
1073,9014,22,COMUN BASICO,RAMAL A,VUELTA
1074,9015,22,COMUN BASICO,RAMAL B,VUELTA
1075,9016,135,COMUN BASICO,RAMAL A,IDA
1076,9017,29,COMUN BASICO,RAMAL C,VUELTA
1077,9018,29,COMUN BASICO,RAMAL A,VUELTA
1078,9019,29,COMUN BASICO,RAMAL B,VUELTA
1079,9020,76,COMUN BASICO,RAMAL A,VUELTA
1080,9021,76,COMUN BASICO,RAMAL B,VUELTA
1081,9022,76,COMUN BASICO,RAMAL A,IDA
1082,9023,76,COMUN BASICO,RAMAL B,IDA
1083,9026,92,COMUN BASICO,RAMAL C,VUELTA
1084,9027,92,COMUN BASICO,RAMAL A,VUELTA
1085,9028,92,COMUN BASICO,RAMAL B,VUELTA
1086,9029,92,COMUN BASICO,RAMAL B,IDA
1087,9030,92,COMUN BASICO,RAMAL A,IDA
1088,9031,92,COMUN BASICO,RAMAL C,IDA
1089,9032,46,COMUN BASICO,RAMAL C,IDA
1090,9033,46,COMUN BASICO,RAMAL C,VUELTA
1091,9034,46,COMUN BASICO,RAMAL B,IDA
1092,9035,46,COMUN BASICO,RAMAL A,IDA
1093,9036,46,COMUN BASICO,RAMAL A,VUELTA
1094,9037,46,COMUN BASICO,RAMAL B,VUELTA
1095,9038,98,COMUN BASICO,RAMAL A,IDA
1096,9039,98,COMUN BASICO,RAMAL A,VUELTA
1097,9040,98,COMUN BASICO,RAMAL E,IDA
1098,9041,98,COMUN BASICO,RAMAL E,VUELTA
1099,9042,98,COMUN BASICO,RAMAL B,IDA
1100,9043,98,COMUN BASICO,RAMAL C,IDA
1101,9044,98,COMUN BASICO,RAMAL D,IDA
1102,9045,98,COMUN BASICO,RAMAL B,VUELTA
1103,9046,98,COMUN BASICO,RAMAL C,VUELTA
1104,9047,98,COMUN BASICO,RAMAL D,VUELTA
1105,9048,98,COMUN BASICO,RAMAL F,VUELTA
1106,9049,98,COMUN BASICO,RAMAL F,IDA
1107,9050,117,COMUN BASICO,RAMAL A,IDA
1108,9051,117,COMUN BASICO,RAMAL A,VUELTA
1109,9052,117,COMUN BASICO,RAMAL B,VUELTA
1110,9053,117,COMUN BASICO,RAMAL B,IDA
1111,9054,70,COMUN BASICO,RAMAL B,VUELTA
1112,9055,70,COMUN BASICO,RAMAL B,IDA
